{
    "druidcraft:amber_ore": {
        "overlay": "undergroundbiomes:block/overlays/druidcraft/amber_ore",
        "variant": "stone",
        "name": "Amber Ore"
    },
    "druidcraft:fiery_glass_ore": {
        "overlay": "undergroundbiomes:block/overlays/druidcraft/fiery_glass_ore",
        "variant": "stone",
        "name": "Fiery Glass Ore"
    },
    "druidcraft:moonstone_ore": {
        "overlay": "undergroundbiomes:block/overlays/druidcraft/moonstone_ore",
        "variant": "stone",
        "name": "Moonstone Ore"
    },
    "druidcraft:rockroot_ore": {
        "overlay": "undergroundbiomes:block/overlays/druidcraft/rockroot_ore",
        "variant": "stone",
        "name": "Rockroot Ore"
    }
}