{
    "minecraft:iron_ore": {
        "overlay": "undergroundbiomes:block/overlays/minecraft/iron",
        "variant": "stone",
        "name": "Iron Ore",
	"alphaBlend": false
    },
    "minecraft:gold_ore": {
        "overlay": "undergroundbiomes:block/overlays/minecraft/gold",
        "variant": "stone",
        "name": "Gold Ore",
	"alphaBlend": false
    },
    "minecraft:coal_ore": {
        "overlay": "undergroundbiomes:block/overlays/minecraft/coal",
        "variant": "stone",
        "name": "Coal Ore",
	"alphaBlend": false
    },
    "minecraft:diamond_ore": {
        "overlay": "undergroundbiomes:block/overlays/minecraft/diamond",
        "variant": "stone",
        "name": "Diamond Ore",
	"alphaBlend": false
    },
    "minecraft:emerald_ore": {
        "overlay": "undergroundbiomes:block/overlays/minecraft/emerald",
        "variant": "stone",
        "name": "Emerald Ore",
	"alphaBlend": false
    },
    "minecraft:lapis_ore": {
        "overlay": "undergroundbiomes:block/overlays/minecraft/lapis",
        "variant": "stone",
        "name": "Lapis Ore",
	"alphaBlend": false
    },
    "minecraft:redstone_ore": {
        "overlay": "undergroundbiomes:block/overlays/minecraft/redstone",
        "variant": "stone",
        "name": "Redstone Ore",
	"alphaBlend": false
    }
}
